{
  "props" : {
    "id" : "settings.ux",
    "title" : "设置",
    "tintColor" : {
      "$type" : "$color",
      "$props" : {
        "red" : 0,
        "alpha" : 1,
        "blue" : 255,
        "green" : 122
      }
    },
    "bgcolor" : {
      "$type" : "$color",
      "$props" : {
        "red" : 0,
        "alpha" : 0,
        "blue" : 0,
        "green" : 0
      }
    }
  },
  "views" : [
    {
      "props" : {
        "frame" : {
          "y" : 160,
          "x" : 28,
          "width" : 320,
          "height" : 240
        },
        "id" : "settingList",
        "selectable" : true,
        "bgcolor" : {
          "$type" : "$color",
          "$props" : {
            "red" : 255,
            "alpha" : 1,
            "blue" : 255,
            "green" : 255
          }
        },
        "stickyHeader" : true,
        "template" : {
          "props" : {
            "id" : "<T>TEMPLATE",
            "height" : 44
          },
          "views" : [
            {
              "props" : {
                "frame" : {
                  "y" : 10,
                  "x" : 10,
                  "width" : 100,
                  "height" : 100
                },
                "id" : "rcSetting",
                "bgcolor" : {
                  "$type" : "$color",
                  "$props" : {
                    "red" : 0,
                    "alpha" : 0,
                    "blue" : 0,
                    "green" : 0
                  }
                },
                "hidden" : true
              },
              "constraints" : [
                {
                  "x" : {
                    "id" : "rcSetting",
                    "attribute" : 1
                  },
                  "multiplier" : 1,
                  "constant" : 0
                },
                {
                  "x" : {
                    "id" : "rcSetting",
                    "attribute" : 2
                  },
                  "multiplier" : 1,
                  "constant" : 0
                },
                {
                  "x" : {
                    "id" : "rcSetting",
                    "attribute" : 3
                  },
                  "multiplier" : 1,
                  "constant" : 0
                },
                {
                  "x" : {
                    "id" : "rcSetting",
                    "attribute" : 4
                  },
                  "multiplier" : 1,
                  "constant" : 0
                }
              ],
              "type" : "view",
              "views" : [
                {
                  "type" : "label",
                  "props" : {
                    "align" : 0,
                    "frame" : {
                      "y" : 10,
                      "x" : 10,
                      "width" : 100,
                      "height" : 50
                    },
                    "id" : "rcLabel01",
                    "text" : "高亮提示  特殊上映信息"
                  },
                  "constraints" : [
                    {
                      "x" : {
                        "id" : "rcLabel01",
                        "attribute" : 1
                      },
                      "multiplier" : 1,
                      "constant" : 15
                    },
                    {
                      "y" : {
                        "id" : "releaseColorMode",
                        "attribute" : 1
                      },
                      "relation" : -1,
                      "multiplier" : 1,
                      "x" : {
                        "id" : "rcLabel01",
                        "attribute" : 2
                      },
                      "constant" : 0
                    },
                    {
                      "x" : {
                        "id" : "rcLabel01",
                        "attribute" : 3
                      },
                      "multiplier" : 1,
                      "constant" : 0
                    },
                    {
                      "relation" : 0,
                      "multiplier" : 1,
                      "x" : {
                        "id" : "rcLabel01",
                        "attribute" : 8
                      },
                      "constant" : 30
                    }
                  ]
                },
                {
                  "type" : "label",
                  "props" : {
                    "textColor" : {
                      "$type" : "$color",
                      "$props" : {
                        "red" : 136,
                        "alpha" : 1,
                        "blue" : 136,
                        "green" : 136
                      }
                    },
                    "align" : 0,
                    "frame" : {
                      "y" : 10,
                      "x" : 10,
                      "width" : 100,
                      "height" : 50
                    },
                    "id" : "rcLabel11",
                    "font" : {
                      "$type" : "$font",
                      "$props" : {
                        "name" : "Lato-Regular",
                        "size" : 11
                      }
                    },
                    "text" : "点映 零点场 上映首日"
                  },
                  "constraints" : [
                    {
                      "x" : {
                        "id" : "rcLabel11",
                        "attribute" : 7
                      },
                      "multiplier" : 1,
                      "constant" : 112
                    },
                    {
                      "x" : {
                        "id" : "rcLabel11",
                        "attribute" : 1
                      },
                      "multiplier" : 1,
                      "constant" : 15
                    },
                    {
                      "x" : {
                        "id" : "rcLabel11",
                        "attribute" : 8
                      },
                      "multiplier" : 1,
                      "constant" : 13.5
                    },
                    {
                      "x" : {
                        "id" : "rcLabel11",
                        "attribute" : 4
                      },
                      "multiplier" : 1,
                      "constant" : -5
                    }
                  ]
                },
                {
                  "type" : "label",
                  "props" : {
                    "textColor" : {
                      "$type" : "$color",
                      "$props" : {
                        "red" : 136,
                        "alpha" : 1,
                        "blue" : 136,
                        "green" : 136
                      }
                    },
                    "align" : 0,
                    "frame" : {
                      "y" : 10,
                      "x" : 10,
                      "width" : 100,
                      "height" : 50
                    },
                    "id" : "rcLabel12",
                    "font" : {
                      "$type" : "$font",
                      "$props" : {
                        "name" : "Lato-Regular",
                        "size" : 11
                      }
                    },
                    "text" : "破亿"
                  },
                  "constraints" : [
                    {
                      "y" : {
                        "id" : "rcLabel11",
                        "attribute" : 2
                      },
                      "multiplier" : 1,
                      "x" : {
                        "id" : "rcLabel12",
                        "attribute" : 1
                      },
                      "constant" : 0
                    },
                    {
                      "x" : {
                        "id" : "rcLabel12",
                        "attribute" : 2
                      },
                      "multiplier" : 1,
                      "constant" : 0
                    },
                    {
                      "y" : {
                        "id" : "rcLabel11",
                        "attribute" : 3
                      },
                      "multiplier" : 1,
                      "x" : {
                        "id" : "rcLabel12",
                        "attribute" : 3
                      },
                      "constant" : 0
                    },
                    {
                      "y" : {
                        "id" : "rcLabel11",
                        "attribute" : 4
                      },
                      "multiplier" : 1,
                      "x" : {
                        "id" : "rcLabel12",
                        "attribute" : 4
                      },
                      "constant" : 0
                    }
                  ]
                },
                {
                  "props" : {
                    "frame" : {
                      "y" : 10,
                      "x" : 10,
                      "width" : 0,
                      "height" : 0
                    },
                    "id" : "releaseColorMode",
                    "on" : true
                  },
                  "constraints" : [
                    {
                      "y" : {
                        "id" : "rcSetting",
                        "attribute" : 10
                      },
                      "multiplier" : 1,
                      "x" : {
                        "id" : "releaseColorMode",
                        "attribute" : 10
                      },
                      "constant" : 0
                    },
                    {
                      "x" : {
                        "id" : "releaseColorMode",
                        "attribute" : 7
                      },
                      "multiplier" : 1,
                      "constant" : 51
                    },
                    {
                      "x" : {
                        "id" : "releaseColorMode",
                        "attribute" : 8
                      },
                      "multiplier" : 1,
                      "constant" : 31
                    },
                    {
                      "relation" : 0,
                      "multiplier" : 1,
                      "x" : {
                        "id" : "releaseColorMode",
                        "attribute" : 2
                      },
                      "constant" : -15
                    }
                  ],
                  "type" : "switch",
                  "events" : {
                    "changed" : {
                      "$type" : "$event",
                      "$props" : {
                        "selector" : "RCchanged"
                      }
                    }
                  }
                }
              ]
            },
            {
              "props" : {
                "frame" : {
                  "y" : 10,
                  "x" : 10,
                  "width" : 100,
                  "height" : 100
                },
                "id" : "BvSsetting",
                "bgcolor" : {
                  "$type" : "$color",
                  "$props" : {
                    "red" : 255,
                    "alpha" : 1,
                    "blue" : 255,
                    "green" : 255
                  }
                },
                "hidden" : true
              },
              "constraints" : [
                {
                  "x" : {
                    "id" : "BvSsetting",
                    "attribute" : 1
                  },
                  "multiplier" : 1,
                  "constant" : 0
                },
                {
                  "x" : {
                    "id" : "BvSsetting",
                    "attribute" : 2
                  },
                  "multiplier" : 1,
                  "constant" : 0
                },
                {
                  "x" : {
                    "id" : "BvSsetting",
                    "attribute" : 3
                  },
                  "multiplier" : 1,
                  "constant" : 0
                },
                {
                  "x" : {
                    "id" : "BvSsetting",
                    "attribute" : 4
                  },
                  "multiplier" : 1,
                  "constant" : 0
                }
              ],
              "type" : "view",
              "views" : [
                {
                  "type" : "label",
                  "props" : {
                    "align" : 0,
                    "frame" : {
                      "y" : 10,
                      "x" : 10,
                      "width" : 100,
                      "height" : 50
                    },
                    "id" : "BvSsLabel01",
                    "font" : {
                      "$type" : "$font",
                      "$props" : {
                        "name" : "PingFangSC-Regular",
                        "size" : 17
                      }
                    },
                    "text" : "加粗提示"
                  },
                  "constraints" : [
                    {
                      "x" : {
                        "id" : "BvSsLabel01",
                        "attribute" : 1
                      },
                      "multiplier" : 1,
                      "constant" : 15
                    },
                    {
                      "x" : {
                        "id" : "BvSsLabel01",
                        "attribute" : 3
                      },
                      "multiplier" : 1,
                      "constant" : 0
                    },
                    {
                      "relation" : 0,
                      "multiplier" : 1,
                      "x" : {
                        "id" : "BvSsLabel01",
                        "attribute" : 8
                      },
                      "constant" : 30
                    },
                    {
                      "relation" : 0,
                      "multiplier" : 1,
                      "x" : {
                        "id" : "BvSsLabel01",
                        "attribute" : 7
                      },
                      "constant" : 68
                    }
                  ]
                },
                {
                  "type" : "label",
                  "props" : {
                    "align" : 2,
                    "frame" : {
                      "y" : 10,
                      "x" : 10,
                      "width" : 100,
                      "height" : 50
                    },
                    "id" : "BvSsLabel02",
                    "font" : {
                      "$type" : "$font",
                      "$props" : {
                        "name" : "PingFangSC-Semibold",
                        "size" : 17
                      }
                    },
                    "text" : "票房占比"
                  },
                  "constraints" : [
                    {
                      "y" : {
                        "id" : "BvSsLabel01",
                        "attribute" : 2
                      },
                      "multiplier" : 1,
                      "x" : {
                        "id" : "BvSsLabel02",
                        "attribute" : 1
                      },
                      "constant" : 0
                    },
                    {
                      "x" : {
                        "id" : "BvSsLabel02",
                        "attribute" : 3
                      },
                      "multiplier" : 1,
                      "constant" : 0
                    },
                    {
                      "y" : {
                        "id" : "BvSsLabel01",
                        "attribute" : 4
                      },
                      "multiplier" : 1,
                      "x" : {
                        "id" : "BvSsLabel02",
                        "attribute" : 4
                      },
                      "constant" : 0
                    },
                    {
                      "relation" : 0,
                      "multiplier" : 1,
                      "x" : {
                        "id" : "BvSsLabel02",
                        "attribute" : 7
                      },
                      "constant" : 78
                    }
                  ]
                },
                {
                  "type" : "label",
                  "props" : {
                    "align" : 1,
                    "frame" : {
                      "y" : 10,
                      "x" : 10,
                      "width" : 100,
                      "height" : 50
                    },
                    "id" : "BvSsLabel03",
                    "font" : {
                      "$type" : "$font",
                      "$props" : {
                        "name" : "PingFangSC-Medium",
                        "size" : 17
                      }
                    },
                    "text" : ">"
                  },
                  "constraints" : [
                    {
                      "y" : {
                        "id" : "BvSsLabel02",
                        "attribute" : 2
                      },
                      "multiplier" : 1,
                      "x" : {
                        "id" : "BvSsLabel03",
                        "attribute" : 1
                      },
                      "constant" : 0
                    },
                    {
                      "x" : {
                        "id" : "BvSsLabel03",
                        "attribute" : 3
                      },
                      "multiplier" : 1,
                      "constant" : 0
                    },
                    {
                      "y" : {
                        "id" : "BvSsLabel01",
                        "attribute" : 4
                      },
                      "multiplier" : 1,
                      "x" : {
                        "id" : "BvSsLabel03",
                        "attribute" : 4
                      },
                      "constant" : 0
                    },
                    {
                      "relation" : 0,
                      "multiplier" : 1,
                      "x" : {
                        "id" : "BvSsLabel03",
                        "attribute" : 7
                      },
                      "constant" : 25
                    }
                  ]
                },
                {
                  "type" : "label",
                  "props" : {
                    "align" : 0,
                    "frame" : {
                      "y" : 10,
                      "x" : 10,
                      "width" : 100,
                      "height" : 50
                    },
                    "id" : "BvSsLabel04",
                    "font" : {
                      "$type" : "$font",
                      "$props" : {
                        "name" : "PingFangSC-Light",
                        "size" : 17
                      }
                    },
                    "text" : "排片占比"
                  },
                  "constraints" : [
                    {
                      "y" : {
                        "id" : "BvSsLabel03",
                        "attribute" : 2
                      },
                      "multiplier" : 1,
                      "x" : {
                        "id" : "BvSsLabel04",
                        "attribute" : 1
                      },
                      "constant" : 0
                    },
                    {
                      "y" : {
                        "id" : "boxVSshow",
                        "attribute" : 1
                      },
                      "relation" : -1,
                      "multiplier" : 1,
                      "x" : {
                        "id" : "BvSsLabel04",
                        "attribute" : 2
                      },
                      "constant" : 0
                    },
                    {
                      "x" : {
                        "id" : "BvSsLabel04",
                        "attribute" : 3
                      },
                      "multiplier" : 1,
                      "constant" : 0
                    },
                    {
                      "y" : {
                        "id" : "BvSsLabel01",
                        "attribute" : 4
                      },
                      "multiplier" : 1,
                      "x" : {
                        "id" : "BvSsLabel04",
                        "attribute" : 4
                      },
                      "constant" : 0
                    }
                  ]
                },
                {
                  "type" : "label",
                  "props" : {
                    "textColor" : {
                      "$type" : "$color",
                      "$props" : {
                        "red" : 136,
                        "alpha" : 1,
                        "blue" : 136,
                        "green" : 136
                      }
                    },
                    "align" : 0,
                    "frame" : {
                      "y" : 10,
                      "x" : 10,
                      "width" : 100,
                      "height" : 50
                    },
                    "id" : "BvSsLabel11",
                    "font" : {
                      "$type" : "$font",
                      "$props" : {
                        "name" : "Lato-Regular",
                        "size" : 11
                      }
                    },
                    "text" : "在主界面长按“票房占比”一栏可快速开关"
                  },
                  "constraints" : [
                    {
                      "y" : {
                        "id" : "BvSsLabel01",
                        "attribute" : 1
                      },
                      "multiplier" : 1,
                      "x" : {
                        "id" : "BvSsLabel11",
                        "attribute" : 1
                      },
                      "constant" : 0
                    },
                    {
                      "y" : {
                        "id" : "boxVSshow",
                        "attribute" : 2
                      },
                      "relation" : -1,
                      "multiplier" : 1,
                      "x" : {
                        "id" : "BvSsLabel11",
                        "attribute" : 2
                      },
                      "constant" : 0
                    },
                    {
                      "y" : {
                        "id" : "BvSsetting",
                        "attribute" : 4
                      },
                      "relation" : 0,
                      "multiplier" : 1,
                      "x" : {
                        "id" : "BvSsLabel11",
                        "attribute" : 4
                      },
                      "constant" : -5
                    },
                    {
                      "relation" : 0,
                      "multiplier" : 1,
                      "x" : {
                        "id" : "BvSsLabel11",
                        "attribute" : 8
                      },
                      "constant" : 13.5
                    }
                  ]
                },
                {
                  "props" : {
                    "frame" : {
                      "y" : 10,
                      "x" : 10,
                      "width" : 0,
                      "height" : 0
                    },
                    "id" : "boxVSshow",
                    "on" : true
                  },
                  "constraints" : [
                    {
                      "y" : {
                        "id" : "BvSsetting",
                        "attribute" : 10
                      },
                      "multiplier" : 1,
                      "x" : {
                        "id" : "boxVSshow",
                        "attribute" : 10
                      },
                      "constant" : 0
                    },
                    {
                      "x" : {
                        "id" : "boxVSshow",
                        "attribute" : 7
                      },
                      "multiplier" : 1,
                      "constant" : 51
                    },
                    {
                      "x" : {
                        "id" : "boxVSshow",
                        "attribute" : 8
                      },
                      "multiplier" : 1,
                      "constant" : 31
                    },
                    {
                      "y" : {
                        "id" : "BvSsetting",
                        "attribute" : 2
                      },
                      "relation" : 0,
                      "multiplier" : 1,
                      "x" : {
                        "id" : "boxVSshow",
                        "attribute" : 2
                      },
                      "constant" : -15
                    }
                  ],
                  "type" : "switch",
                  "events" : {
                    "changed" : {
                      "$type" : "$event",
                      "$props" : {
                        "selector" : "BvSchanged"
                      }
                    }
                  }
                }
              ]
            },
            {
              "props" : {
                "frame" : {
                  "y" : 10,
                  "x" : 10,
                  "width" : 100,
                  "height" : 100
                },
                "id" : "uniCell1",
                "bgcolor" : {
                  "$type" : "$color",
                  "$props" : {
                    "red" : 255,
                    "alpha" : 1,
                    "blue" : 255,
                    "green" : 255
                  }
                },
                "hidden" : true
              },
              "constraints" : [
                {
                  "x" : {
                    "id" : "uniCell1",
                    "attribute" : 1
                  },
                  "multiplier" : 1,
                  "constant" : 0
                },
                {
                  "x" : {
                    "id" : "uniCell1",
                    "attribute" : 2
                  },
                  "multiplier" : 1,
                  "constant" : 0
                },
                {
                  "x" : {
                    "id" : "uniCell1",
                    "attribute" : 3
                  },
                  "multiplier" : 1,
                  "constant" : 0
                },
                {
                  "x" : {
                    "id" : "uniCell1",
                    "attribute" : 4
                  },
                  "multiplier" : 1,
                  "constant" : 0
                }
              ],
              "type" : "view",
              "views" : [
                {
                  "type" : "label",
                  "props" : {
                    "align" : 0,
                    "frame" : {
                      "y" : 10,
                      "x" : 10,
                      "width" : 100,
                      "height" : 50
                    },
                    "id" : "uc1Title",
                    "text" : "Title"
                  },
                  "constraints" : [
                    {
                      "x" : {
                        "id" : "uc1Title",
                        "attribute" : 1
                      },
                      "multiplier" : 1,
                      "constant" : 15
                    },
                    {
                      "y" : {
                        "id" : "uc1Switch",
                        "attribute" : 1
                      },
                      "relation" : -1,
                      "multiplier" : 1,
                      "x" : {
                        "id" : "uc1Title",
                        "attribute" : 2
                      },
                      "constant" : 0
                    },
                    {
                      "x" : {
                        "id" : "uc1Title",
                        "attribute" : 3
                      },
                      "multiplier" : 1,
                      "constant" : 0
                    },
                    {
                      "relation" : 0,
                      "multiplier" : 1,
                      "x" : {
                        "id" : "uc1Title",
                        "attribute" : 8
                      },
                      "constant" : 30
                    }
                  ]
                },
                {
                  "type" : "label",
                  "props" : {
                    "textColor" : {
                      "$type" : "$color",
                      "$props" : {
                        "red" : 136,
                        "alpha" : 1,
                        "blue" : 136,
                        "green" : 136
                      }
                    },
                    "align" : 0,
                    "frame" : {
                      "y" : 10,
                      "x" : 10,
                      "width" : 100,
                      "height" : 50
                    },
                    "id" : "uc1Subtitle",
                    "font" : {
                      "$type" : "$font",
                      "$props" : {
                        "name" : "Lato-Regular",
                        "size" : 11
                      }
                    },
                    "text" : "Subtitle"
                  },
                  "constraints" : [
                    {
                      "y" : {
                        "id" : "uc1Title",
                        "attribute" : 1
                      },
                      "multiplier" : 1,
                      "x" : {
                        "id" : "uc1Subtitle",
                        "attribute" : 1
                      },
                      "constant" : 0
                    },
                    {
                      "y" : {
                        "id" : "uc1Switch",
                        "attribute" : 1
                      },
                      "relation" : -1,
                      "multiplier" : 1,
                      "x" : {
                        "id" : "uc1Subtitle",
                        "attribute" : 2
                      },
                      "constant" : 0
                    },
                    {
                      "x" : {
                        "id" : "uc1Subtitle",
                        "attribute" : 4
                      },
                      "multiplier" : 1,
                      "constant" : -5
                    },
                    {
                      "relation" : 0,
                      "multiplier" : 1,
                      "x" : {
                        "id" : "uc1Subtitle",
                        "attribute" : 8
                      },
                      "constant" : 13.5
                    }
                  ]
                },
                {
                  "props" : {
                    "frame" : {
                      "y" : 10,
                      "x" : 10,
                      "width" : 0,
                      "height" : 0
                    },
                    "id" : "uc1Switch",
                    "on" : true
                  },
                  "constraints" : [
                    {
                      "y" : {
                        "id" : "uniCell1",
                        "attribute" : 10
                      },
                      "multiplier" : 1,
                      "x" : {
                        "id" : "uc1Switch",
                        "attribute" : 10
                      },
                      "constant" : 0
                    },
                    {
                      "x" : {
                        "id" : "uc1Switch",
                        "attribute" : 7
                      },
                      "multiplier" : 1,
                      "constant" : 51
                    },
                    {
                      "x" : {
                        "id" : "uc1Switch",
                        "attribute" : 8
                      },
                      "multiplier" : 1,
                      "constant" : 31
                    },
                    {
                      "relation" : 0,
                      "multiplier" : 1,
                      "x" : {
                        "id" : "uc1Switch",
                        "attribute" : 2
                      },
                      "constant" : -15
                    }
                  ],
                  "type" : "switch",
                  "events" : {
                    "changed" : {
                      "$type" : "$event",
                      "$props" : {
                        "selector" : "uc1Changed"
                      }
                    }
                  }
                }
              ],
              "events" : {

              }
            },
            {
              "props" : {
                "frame" : {
                  "y" : 10,
                  "x" : 10,
                  "width" : 100,
                  "height" : 100
                },
                "id" : "reverseColorSetting",
                "bgcolor" : {
                  "$type" : "$color",
                  "$props" : {
                    "red" : 0,
                    "alpha" : 0,
                    "blue" : 0,
                    "green" : 0
                  }
                },
                "hidden" : true
              },
              "constraints" : [
                {
                  "x" : {
                    "id" : "reverseColorSetting",
                    "attribute" : 1
                  },
                  "multiplier" : 1,
                  "constant" : 0
                },
                {
                  "x" : {
                    "id" : "reverseColorSetting",
                    "attribute" : 2
                  },
                  "multiplier" : 1,
                  "constant" : 0
                },
                {
                  "x" : {
                    "id" : "reverseColorSetting",
                    "attribute" : 3
                  },
                  "multiplier" : 1,
                  "constant" : 0
                },
                {
                  "x" : {
                    "id" : "reverseColorSetting",
                    "attribute" : 4
                  },
                  "multiplier" : 1,
                  "constant" : 0
                }
              ],
              "type" : "view",
              "views" : [
                {
                  "type" : "label",
                  "props" : {
                    "align" : 0,
                    "frame" : {
                      "y" : 10,
                      "x" : 10,
                      "width" : 100,
                      "height" : 50
                    },
                    "id" : "reverseColorLabel01",
                    "text" : "切换股票模式的涨跌提示颜色"
                  },
                  "constraints" : [
                    {
                      "x" : {
                        "id" : "reverseColorLabel01",
                        "attribute" : 1
                      },
                      "multiplier" : 1,
                      "constant" : 15
                    },
                    {
                      "y" : {
                        "id" : "reverseColorMode",
                        "attribute" : 1
                      },
                      "relation" : -1,
                      "multiplier" : 1,
                      "x" : {
                        "id" : "reverseColorLabel01",
                        "attribute" : 2
                      },
                      "constant" : 0
                    },
                    {
                      "x" : {
                        "id" : "reverseColorLabel01",
                        "attribute" : 3
                      },
                      "multiplier" : 1,
                      "constant" : 0
                    },
                    {
                      "relation" : 0,
                      "multiplier" : 1,
                      "x" : {
                        "id" : "reverseColorLabel01",
                        "attribute" : 8
                      },
                      "constant" : 30
                    }
                  ]
                },
                {
                  "type" : "label",
                  "props" : {
                    "textColor" : {
                      "$type" : "$color",
                      "$props" : {
                        "red" : 136,
                        "alpha" : 1,
                        "blue" : 136,
                        "green" : 136
                      }
                    },
                    "align" : 0,
                    "frame" : {
                      "y" : 10,
                      "x" : 10,
                      "width" : 100,
                      "height" : 50
                    },
                    "id" : "reverseColorLabel11",
                    "font" : {
                      "$type" : "$font",
                      "$props" : {
                        "name" : "Lato-Regular",
                        "size" : 11
                      }
                    },
                    "text" : "Tips:排名和票房涨跌是对比昨天 排片则是次日涨跌"
                  },
                  "constraints" : [
                    {
                      "y" : {
                        "id" : "reverseColorLabel01",
                        "attribute" : 1
                      },
                      "multiplier" : 1,
                      "x" : {
                        "id" : "reverseColorLabel11",
                        "attribute" : 1
                      },
                      "constant" : 0
                    },
                    {
                      "y" : {
                        "id" : "reverseColorMode",
                        "attribute" : 1
                      },
                      "relation" : -1,
                      "multiplier" : 1,
                      "x" : {
                        "id" : "reverseColorLabel11",
                        "attribute" : 2
                      },
                      "constant" : 0
                    },
                    {
                      "x" : {
                        "id" : "reverseColorLabel11",
                        "attribute" : 4
                      },
                      "multiplier" : 1,
                      "constant" : -5
                    },
                    {
                      "relation" : 0,
                      "multiplier" : 1,
                      "x" : {
                        "id" : "reverseColorLabel11",
                        "attribute" : 8
                      },
                      "constant" : 13.5
                    }
                  ]
                },
                {
                  "props" : {
                    "frame" : {
                      "y" : 10,
                      "x" : 10,
                      "width" : 100,
                      "height" : 100
                    },
                    "bgcolor" : {
                      "$type" : "$color",
                      "$props" : {
                        "red" : 0,
                        "alpha" : 0,
                        "blue" : 0,
                        "green" : 0
                      }
                    },
                    "id" : "reverseColorMode"
                  },
                  "constraints" : [
                    {
                      "x" : {
                        "id" : "reverseColorMode",
                        "attribute" : 2
                      },
                      "multiplier" : 1,
                      "constant" : 0
                    },
                    {
                      "x" : {
                        "id" : "reverseColorMode",
                        "attribute" : 3
                      },
                      "multiplier" : 1,
                      "constant" : 0
                    },
                    {
                      "x" : {
                        "id" : "reverseColorMode",
                        "attribute" : 4
                      },
                      "multiplier" : 1,
                      "constant" : 0
                    },
                    {
                      "relation" : 0,
                      "multiplier" : 1,
                      "x" : {
                        "id" : "reverseColorMode",
                        "attribute" : 7
                      },
                      "constant" : 110
                    }
                  ],
                  "type" : "view",
                  "views" : [
                    {
                      "props" : {
                        "frame" : {
                          "y" : 10,
                          "x" : 10,
                          "width" : 100,
                          "height" : 100
                        },
                        "id" : "upColor",
                        "alpha" : 0.29999992847442625,
                        "bgcolor" : {
                          "$type" : "$color",
                          "$props" : {
                            "red" : 76,
                            "alpha" : 1,
                            "blue" : 100,
                            "green" : 217
                          }
                        }
                      },
                      "constraints" : [
                        {
                          "x" : {
                            "id" : "upColor",
                            "attribute" : 1
                          },
                          "multiplier" : 1,
                          "constant" : 0
                        },
                        {
                          "y" : {
                            "id" : "reverseColorMode",
                            "attribute" : 9
                          },
                          "multiplier" : 1,
                          "x" : {
                            "id" : "upColor",
                            "attribute" : 2
                          },
                          "constant" : 0
                        },
                        {
                          "x" : {
                            "id" : "upColor",
                            "attribute" : 3
                          },
                          "multiplier" : 1,
                          "constant" : 0
                        },
                        {
                          "x" : {
                            "id" : "upColor",
                            "attribute" : 4
                          },
                          "multiplier" : 1,
                          "constant" : 0
                        }
                      ],
                      "type" : "view",
                      "views" : [

                      ]
                    },
                    {
                      "type" : "label",
                      "props" : {
                        "align" : 1,
                        "frame" : {
                          "y" : 10,
                          "x" : 10,
                          "width" : 100,
                          "height" : 50
                        },
                        "id" : "upColorLabel",
                        "font" : {
                          "$type" : "$font",
                          "$props" : {
                            "name" : "Lato-Medium",
                            "size" : 21
                          }
                        },
                        "text" : "↗"
                      },
                      "constraints" : [
                        {
                          "x" : {
                            "id" : "upColorLabel",
                            "attribute" : 1
                          },
                          "multiplier" : 1,
                          "constant" : 0
                        },
                        {
                          "y" : {
                            "id" : "upColor",
                            "attribute" : 2
                          },
                          "multiplier" : 1,
                          "x" : {
                            "id" : "upColorLabel",
                            "attribute" : 2
                          },
                          "constant" : 0
                        },
                        {
                          "x" : {
                            "id" : "upColorLabel",
                            "attribute" : 3
                          },
                          "multiplier" : 1,
                          "constant" : 0
                        },
                        {
                          "x" : {
                            "id" : "upColorLabel",
                            "attribute" : 4
                          },
                          "multiplier" : 1,
                          "constant" : 0
                        }
                      ]
                    },
                    {
                      "props" : {
                        "frame" : {
                          "y" : 10,
                          "x" : 10,
                          "width" : 100,
                          "height" : 100
                        },
                        "id" : "downColor",
                        "alpha" : 0.29999992847442625,
                        "bgcolor" : {
                          "$type" : "$color",
                          "$props" : {
                            "red" : 255,
                            "alpha" : 1,
                            "blue" : 48,
                            "green" : 59
                          }
                        }
                      },
                      "constraints" : [
                        {
                          "x" : {
                            "id" : "downColor",
                            "attribute" : 2
                          },
                          "multiplier" : 1,
                          "constant" : 0
                        },
                        {
                          "x" : {
                            "id" : "downColor",
                            "attribute" : 3
                          },
                          "multiplier" : 1,
                          "constant" : 0
                        },
                        {
                          "x" : {
                            "id" : "downColor",
                            "attribute" : 4
                          },
                          "multiplier" : 1,
                          "constant" : 0
                        },
                        {
                          "y" : {
                            "id" : "reverseColorMode",
                            "attribute" : 9
                          },
                          "relation" : 0,
                          "multiplier" : 1,
                          "x" : {
                            "id" : "downColor",
                            "attribute" : 1
                          },
                          "constant" : 0
                        }
                      ],
                      "type" : "view",
                      "views" : [

                      ]
                    },
                    {
                      "type" : "label",
                      "props" : {
                        "align" : 1,
                        "frame" : {
                          "y" : 10,
                          "x" : 10,
                          "width" : 100,
                          "height" : 50
                        },
                        "id" : "downColorLabel",
                        "font" : {
                          "$type" : "$font",
                          "$props" : {
                            "name" : "Lato-Medium",
                            "size" : 21
                          }
                        },
                        "text" : "↘"
                      },
                      "constraints" : [
                        {
                          "y" : {
                            "id" : "downColor",
                            "attribute" : 1
                          },
                          "multiplier" : 1,
                          "x" : {
                            "id" : "downColorLabel",
                            "attribute" : 1
                          },
                          "constant" : 0
                        },
                        {
                          "x" : {
                            "id" : "downColorLabel",
                            "attribute" : 2
                          },
                          "multiplier" : 1,
                          "constant" : 0
                        },
                        {
                          "x" : {
                            "id" : "downColorLabel",
                            "attribute" : 3
                          },
                          "multiplier" : 1,
                          "constant" : 0
                        },
                        {
                          "x" : {
                            "id" : "downColorLabel",
                            "attribute" : 4
                          },
                          "multiplier" : 1,
                          "constant" : 0
                        }
                      ]
                    }
                  ],
                  "events" : {
                    "tapped" : {
                      "$type" : "$event",
                      "$props" : {
                        "selector" : "RC2changed"
                      }
                    }
                  }
                }
              ]
            },
            {
              "props" : {
                "frame" : {
                  "y" : 10,
                  "x" : 10,
                  "width" : 100,
                  "height" : 100
                },
                "id" : "uniCell0",
                "bgcolor" : {
                  "$type" : "$color",
                  "$props" : {
                    "red" : 0,
                    "alpha" : 0,
                    "blue" : 0,
                    "green" : 0
                  }
                },
                "hidden" : true
              },
              "constraints" : [
                {
                  "x" : {
                    "id" : "uniCell0",
                    "attribute" : 1
                  },
                  "multiplier" : 1,
                  "constant" : 0
                },
                {
                  "x" : {
                    "id" : "uniCell0",
                    "attribute" : 2
                  },
                  "multiplier" : 1,
                  "constant" : 0
                },
                {
                  "x" : {
                    "id" : "uniCell0",
                    "attribute" : 3
                  },
                  "multiplier" : 1,
                  "constant" : 0
                },
                {
                  "x" : {
                    "id" : "uniCell0",
                    "attribute" : 4
                  },
                  "multiplier" : 1,
                  "constant" : 0
                }
              ],
              "type" : "view",
              "views" : [
                {
                  "type" : "label",
                  "props" : {
                    "align" : 0,
                    "frame" : {
                      "y" : 10,
                      "x" : 10,
                      "width" : 100,
                      "height" : 50
                    },
                    "id" : "uc0Title",
                    "text" : "Title"
                  },
                  "constraints" : [
                    {
                      "x" : {
                        "id" : "uc0Title",
                        "attribute" : 1
                      },
                      "multiplier" : 1,
                      "constant" : 15
                    },
                    {
                      "y" : {
                        "id" : "uc0Detail",
                        "attribute" : 1
                      },
                      "relation" : -1,
                      "multiplier" : 1,
                      "x" : {
                        "id" : "uc0Title",
                        "attribute" : 2
                      },
                      "constant" : 0
                    },
                    {
                      "x" : {
                        "id" : "uc0Title",
                        "attribute" : 3
                      },
                      "multiplier" : 1,
                      "constant" : 0
                    },
                    {
                      "relation" : 0,
                      "multiplier" : 1,
                      "x" : {
                        "id" : "uc0Title",
                        "attribute" : 8
                      },
                      "constant" : 30
                    }
                  ]
                },
                {
                  "type" : "label",
                  "props" : {
                    "textColor" : {
                      "$type" : "$color",
                      "$props" : {
                        "red" : 136,
                        "alpha" : 1,
                        "blue" : 136,
                        "green" : 136
                      }
                    },
                    "align" : 0,
                    "frame" : {
                      "y" : 10,
                      "x" : 10,
                      "width" : 100,
                      "height" : 50
                    },
                    "id" : "uc0Subtitle",
                    "font" : {
                      "$type" : "$font",
                      "$props" : {
                        "name" : "Lato-Regular",
                        "size" : 11
                      }
                    },
                    "text" : "Subtitle"
                  },
                  "constraints" : [
                    {
                      "y" : {
                        "id" : "uc0Title",
                        "attribute" : 1
                      },
                      "multiplier" : 1,
                      "x" : {
                        "id" : "uc0Subtitle",
                        "attribute" : 1
                      },
                      "constant" : 0
                    },
                    {
                      "y" : {
                        "id" : "uc0Title",
                        "attribute" : 2
                      },
                      "multiplier" : 1,
                      "x" : {
                        "id" : "uc0Subtitle",
                        "attribute" : 2
                      },
                      "constant" : 0
                    },
                    {
                      "x" : {
                        "id" : "uc0Subtitle",
                        "attribute" : 4
                      },
                      "multiplier" : 1,
                      "constant" : -5
                    },
                    {
                      "relation" : 0,
                      "multiplier" : 1,
                      "x" : {
                        "id" : "uc0Subtitle",
                        "attribute" : 8
                      },
                      "constant" : 13.5
                    }
                  ]
                },
                {
                  "type" : "label",
                  "props" : {
                    "textColor" : {
                      "$type" : "$color",
                      "$props" : {
                        "red" : 170,
                        "alpha" : 1,
                        "blue" : 170,
                        "green" : 170
                      }
                    },
                    "align" : 2,
                    "frame" : {
                      "y" : 10,
                      "x" : 10,
                      "width" : 100,
                      "height" : 50
                    },
                    "id" : "uc0Detail",
                    "text" : "Label"
                  },
                  "constraints" : [
                    {
                      "y" : {
                        "id" : "uniCell0",
                        "attribute" : 9
                      },
                      "relation" : -1,
                      "multiplier" : 1,
                      "x" : {
                        "id" : "uc0Detail",
                        "attribute" : 1
                      },
                      "constant" : 0
                    },
                    {
                      "x" : {
                        "id" : "uc0Detail",
                        "attribute" : 2
                      },
                      "multiplier" : 1,
                      "constant" : -15
                    },
                    {
                      "x" : {
                        "id" : "uc0Detail",
                        "attribute" : 3
                      },
                      "multiplier" : 1,
                      "constant" : 0
                    },
                    {
                      "x" : {
                        "id" : "uc0Detail",
                        "attribute" : 4
                      },
                      "multiplier" : 1,
                      "constant" : 0
                    }
                  ]
                }
              ]
            }
          ]
        },
        "rowHeight" : 45
      },
      "constraints" : [
        {
          "x" : {
            "id" : "settingList",
            "attribute" : 1
          },
          "multiplier" : 1,
          "constant" : 0
        },
        {
          "x" : {
            "id" : "settingList",
            "attribute" : 2
          },
          "multiplier" : 1,
          "constant" : 0
        },
        {
          "x" : {
            "id" : "settingList",
            "attribute" : 3
          },
          "multiplier" : 1,
          "constant" : 0
        },
        {
          "x" : {
            "id" : "settingList",
            "attribute" : 4
          },
          "multiplier" : 1,
          "constant" : 0
        }
      ],
      "type" : "list",
      "events" : {
        "ready" : {
          "$type" : "$event",
          "$props" : {
            "selector" : "loadSettings"
          }
        },
        "didSelect" : {
          "$type" : "$event",
          "$props" : {
            "selector" : "tapRow"
          }
        }
      }
    }
  ]
}