{
  "props" : {
    "id" : "main",
    "navButtons" : [

    ],
    "tintColor" : {
      "$type" : "$color",
      "$props" : {
        "red" : 0,
        "alpha" : 1,
        "blue" : 255,
        "green" : 122
      }
    },
    "bgcolor" : {
      "$type" : "$color",
      "$props" : {
        "red" : 0,
        "alpha" : 0,
        "blue" : 0,
        "green" : 0
      }
    }
  },
  "views" : [
    {
      "props" : {
        "contentSize" : {
          "width" : 375,
          "height" : 528
        },
        "id" : "mainList",
        "actions" : [
          {
            "title" : "♡",
            "color" : {
              "$type" : "$color",
              "$props" : {
                "red" : 255,
                "alpha" : 1,
                "blue" : 85,
                "green" : 45
              }
            },
            "handler" : {
              "$type" : "$event",
              "$props" : {
                "selector" : "notReady"
              }
            }
          },
          {
            "title" : "♡+",
            "color" : {
              "$type" : "$color",
              "$props" : {
                "red" : 255,
                "alpha" : 1,
                "blue" : 110,
                "green" : 75
              }
            },
            "handler" : {
              "$type" : "$event",
              "$props" : {
                "selector" : "notReady"
              }
            }
          },
          {
            "title" : "♡++",
            "color" : {
              "$type" : "$color",
              "$props" : {
                "red" : 255,
                "alpha" : 1,
                "blue" : 135,
                "green" : 107
              }
            },
            "handler" : {
              "$type" : "$event",
              "$props" : {
                "selector" : "notReady"
              }
            }
          },
          {
            "title" : "🔮",
            "color" : {
              "$type" : "$color",
              "$props" : {
                "red" : 136,
                "alpha" : 1,
                "blue" : 136,
                "green" : 136
              }
            },
            "handler" : {
              "$type" : "$event",
              "$props" : {
                "selector" : "notReady"
              }
            }
          }
        ],
        "template" : {
          "props" : {
            "id" : "<T>TEMPLATE",
            "height" : 44
          },
          "views" : [
            {
              "props" : {
                "frame" : {
                  "y" : 10,
                  "x" : 10,
                  "width" : 100,
                  "height" : 100
                },
                "bgcolor" : {
                  "$type" : "$color",
                  "$props" : {
                    "red" : 0,
                    "alpha" : 0,
                    "blue" : 0,
                    "green" : 0
                  }
                },
                "id" : "rankView"
              },
              "constraints" : [
                {
                  "x" : {
                    "id" : "rankView",
                    "attribute" : 1
                  },
                  "multiplier" : 1,
                  "constant" : 0
                },
                {
                  "x" : {
                    "id" : "rankView",
                    "attribute" : 3
                  },
                  "multiplier" : 1,
                  "constant" : 0
                },
                {
                  "x" : {
                    "id" : "rankView",
                    "attribute" : 4
                  },
                  "multiplier" : 1,
                  "constant" : 0
                },
                {
                  "relation" : 0,
                  "multiplier" : 1,
                  "x" : {
                    "id" : "rankView",
                    "attribute" : 7
                  },
                  "constant" : 44
                }
              ],
              "type" : "view",
              "views" : [
                {
                  "type" : "view",
                  "props" : {
                    "frame" : {
                      "y" : 10,
                      "x" : 10,
                      "width" : 100,
                      "height" : 100
                    },
                    "id" : "rankBg",
                    "alpha" : 0.49999991655349729,
                    "bgcolor" : {
                      "$type" : "$color",
                      "$props" : {
                        "red" : 75,
                        "alpha" : 1,
                        "blue" : 99,
                        "green" : 217
                      }
                    },
                    "hidden" : true
                  },
                  "constraints" : [
                    {
                      "x" : {
                        "id" : "rankBg",
                        "attribute" : 1
                      },
                      "multiplier" : 1,
                      "constant" : 0
                    },
                    {
                      "x" : {
                        "id" : "rankBg",
                        "attribute" : 2
                      },
                      "multiplier" : 1,
                      "constant" : 0
                    },
                    {
                      "x" : {
                        "id" : "rankBg",
                        "attribute" : 3
                      },
                      "multiplier" : 1,
                      "constant" : 0
                    },
                    {
                      "x" : {
                        "id" : "rankBg",
                        "attribute" : 4
                      },
                      "multiplier" : 1,
                      "constant" : 0
                    }
                  ]
                },
                {
                  "type" : "label",
                  "props" : {
                    "textColor" : {
                      "$type" : "$color",
                      "$props" : {
                        "red" : 0,
                        "alpha" : 1,
                        "blue" : 0,
                        "green" : 0
                      }
                    },
                    "align" : 1,
                    "frame" : {
                      "y" : 10,
                      "x" : 10,
                      "width" : 100,
                      "height" : 50
                    },
                    "id" : "rankLabel",
                    "font" : {
                      "$type" : "$font",
                      "$props" : {
                        "name" : "Menlo-BoldItalic",
                        "size" : 21
                      }
                    },
                    "text" : "16"
                  },
                  "constraints" : [
                    {
                      "x" : {
                        "id" : "rankLabel",
                        "attribute" : 1
                      },
                      "multiplier" : 1,
                      "constant" : 0
                    },
                    {
                      "x" : {
                        "id" : "rankLabel",
                        "attribute" : 2
                      },
                      "multiplier" : 1,
                      "constant" : 0
                    },
                    {
                      "x" : {
                        "id" : "rankLabel",
                        "attribute" : 3
                      },
                      "multiplier" : 1,
                      "constant" : 0
                    },
                    {
                      "x" : {
                        "id" : "rankLabel",
                        "attribute" : 4
                      },
                      "multiplier" : 1,
                      "constant" : 0
                    }
                  ]
                }
              ],
              "events" : {
                "tapped" : {
                  "$type" : "$event",
                  "$props" : {
                    "selector" : "rankLabelTapped"
                  }
                }
              }
            },
            {
              "props" : {
                "frame" : {
                  "y" : 10,
                  "x" : 10,
                  "width" : 100,
                  "height" : 100
                },
                "bgcolor" : {
                  "$type" : "$color",
                  "$props" : {
                    "red" : 0,
                    "alpha" : 0,
                    "blue" : 0,
                    "green" : 0
                  }
                },
                "id" : "titleView"
              },
              "constraints" : [
                {
                  "y" : {
                    "id" : "rankView",
                    "attribute" : 2
                  },
                  "multiplier" : 1,
                  "x" : {
                    "id" : "titleView",
                    "attribute" : 1
                  },
                  "constant" : 0
                },
                {
                  "y" : {
                    "id" : "rv1",
                    "attribute" : 1
                  },
                  "multiplier" : 1,
                  "x" : {
                    "id" : "titleView",
                    "attribute" : 2
                  },
                  "constant" : 0
                },
                {
                  "x" : {
                    "id" : "titleView",
                    "attribute" : 3
                  },
                  "multiplier" : 1,
                  "constant" : 0
                },
                {
                  "x" : {
                    "id" : "titleView",
                    "attribute" : 4
                  },
                  "multiplier" : 1,
                  "constant" : 0
                }
              ],
              "type" : "view",
              "views" : [
                {
                  "type" : "blur",
                  "props" : {
                    "effect" : {
                      "$type" : "$blur",
                      "$props" : {
                        "style" : 0
                      }
                    },
                    "frame" : {
                      "y" : 10,
                      "x" : 10,
                      "width" : 150,
                      "height" : 150
                    },
                    "style" : 2,
                    "id" : "titleBlur",
                    "alpha" : 0.79999997615814211,
                    "hidden" : false
                  },
                  "constraints" : [
                    {
                      "x" : {
                        "id" : "titleBlur",
                        "attribute" : 1
                      },
                      "multiplier" : 1,
                      "constant" : 0
                    },
                    {
                      "x" : {
                        "id" : "titleBlur",
                        "attribute" : 2
                      },
                      "multiplier" : 1,
                      "constant" : 0
                    },
                    {
                      "x" : {
                        "id" : "titleBlur",
                        "attribute" : 3
                      },
                      "multiplier" : 1,
                      "constant" : 0
                    },
                    {
                      "x" : {
                        "id" : "titleBlur",
                        "attribute" : 4
                      },
                      "multiplier" : 1,
                      "constant" : 0
                    }
                  ]
                },
                {
                  "type" : "label",
                  "props" : {
                    "alpha" : 0.99999997615814207,
                    "frame" : {
                      "y" : 10,
                      "x" : 10,
                      "width" : 100,
                      "height" : 50
                    },
                    "id" : "titleLabel",
                    "contentMode" : 0,
                    "lines" : 1,
                    "text" : "白蛇：缘起",
                    "autoFontSize" : false,
                    "align" : 4,
                    "borderWidth" : 0,
                    "font" : {
                      "$type" : "$font",
                      "$props" : {
                        "name" : "PingFangSC-Medium",
                        "size" : 14
                      }
                    }
                  },
                  "constraints" : [
                    {
                      "x" : {
                        "id" : "titleLabel",
                        "attribute" : 1
                      },
                      "multiplier" : 1,
                      "constant" : 4.5
                    },
                    {
                      "x" : {
                        "id" : "titleLabel",
                        "attribute" : 2
                      },
                      "multiplier" : 1,
                      "constant" : -4.5
                    },
                    {
                      "x" : {
                        "id" : "titleLabel",
                        "attribute" : 3
                      },
                      "multiplier" : 1,
                      "constant" : 0
                    },
                    {
                      "y" : {
                        "id" : "titleView",
                        "attribute" : 8
                      },
                      "relation" : 0,
                      "multiplier" : 0.66000000000000003,
                      "x" : {
                        "id" : "titleLabel",
                        "attribute" : 8
                      },
                      "constant" : 0
                    }
                  ]
                },
                {
                  "type" : "label",
                  "props" : {
                    "textColor" : {
                      "$type" : "$color",
                      "$props" : {
                        "red" : 102,
                        "alpha" : 1,
                        "blue" : 102,
                        "green" : 102
                      }
                    },
                    "align" : 4,
                    "frame" : {
                      "y" : 10,
                      "x" : 10,
                      "width" : 100,
                      "height" : 50
                    },
                    "id" : "releaseLabel",
                    "font" : {
                      "$type" : "$font",
                      "$props" : {
                        "name" : "Lato-Regular",
                        "size" : 11
                      }
                    },
                    "text" : "上映233天"
                  },
                  "constraints" : [
                    {
                      "x" : {
                        "id" : "releaseLabel",
                        "attribute" : 1
                      },
                      "multiplier" : 1,
                      "constant" : 5
                    },
                    {
                      "x" : {
                        "id" : "releaseLabel",
                        "attribute" : 2
                      },
                      "multiplier" : 1,
                      "constant" : -5
                    },
                    {
                      "y" : {
                        "id" : "titleLabel",
                        "attribute" : 4
                      },
                      "multiplier" : 1,
                      "x" : {
                        "id" : "releaseLabel",
                        "attribute" : 3
                      },
                      "constant" : 0
                    },
                    {
                      "x" : {
                        "id" : "releaseLabel",
                        "attribute" : 4
                      },
                      "multiplier" : 1,
                      "constant" : -7.5
                    }
                  ]
                }
              ],
              "events" : {
                "longPressed" : {
                  "$type" : "$event",
                  "$props" : {
                    "selector" : "selFav"
                  }
                }
              }
            },
            {
              "props" : {
                "frame" : {
                  "y" : 30,
                  "x" : 345,
                  "width" : 60,
                  "height" : 603
                },
                "bgcolor" : {
                  "$type" : "$color",
                  "$props" : {
                    "red" : 0,
                    "alpha" : 0,
                    "blue" : 0,
                    "green" : 0
                  }
                },
                "id" : "rv1"
              },
              "constraints" : [
                {
                  "y" : {
                    "id" : "rv2",
                    "attribute" : 1
                  },
                  "multiplier" : 1,
                  "x" : {
                    "id" : "rv1",
                    "attribute" : 2
                  },
                  "constant" : 0
                },
                {
                  "x" : {
                    "id" : "rv1",
                    "attribute" : 3
                  },
                  "multiplier" : 1,
                  "constant" : 0
                },
                {
                  "x" : {
                    "id" : "rv1",
                    "attribute" : 4
                  },
                  "multiplier" : 1,
                  "constant" : 0
                },
                {
                  "relation" : 0,
                  "multiplier" : 1,
                  "x" : {
                    "id" : "rv1",
                    "attribute" : 7
                  },
                  "constant" : 83.5
                }
              ],
              "type" : "view",
              "views" : [
                {
                  "props" : {
                    "alpha" : 0.89999995231628416,
                    "frame" : {
                      "y" : 10,
                      "x" : 10,
                      "width" : 100,
                      "height" : 50
                    },
                    "id" : "rl1",
                    "text" : "3849.29",
                    "align" : 2,
                    "font" : {
                      "$type" : "$font",
                      "$props" : {
                        "name" : "Iosevka",
                        "size" : 19
                      }
                    },
                    "textColor" : {
                      "$type" : "$color",
                      "$props" : {
                        "red" : 17,
                        "alpha" : 1,
                        "blue" : 17,
                        "green" : 17
                      }
                    }
                  },
                  "constraints" : [
                    {
                      "x" : {
                        "id" : "rl1",
                        "attribute" : 1
                      },
                      "multiplier" : 1,
                      "constant" : 0
                    },
                    {
                      "x" : {
                        "id" : "rl1",
                        "attribute" : 2
                      },
                      "multiplier" : 1,
                      "constant" : -4.0999999999999996
                    },
                    {
                      "x" : {
                        "id" : "rl1",
                        "attribute" : 3
                      },
                      "multiplier" : 1,
                      "constant" : 0
                    },
                    {
                      "x" : {
                        "id" : "rl1",
                        "attribute" : 4
                      },
                      "multiplier" : 1,
                      "constant" : 0
                    }
                  ],
                  "type" : "label",
                  "events" : {

                  }
                }
              ],
              "events" : {
                "longPressed" : {
                  "$type" : "$event",
                  "$props" : {
                    "selector" : "rv1lPressed"
                  }
                },
                "tapped" : {
                  "$type" : "$event",
                  "$props" : {
                    "selector" : "rv1Tapped"
                  }
                }
              }
            },
            {
              "props" : {
                "frame" : {
                  "y" : 15,
                  "x" : 330,
                  "width" : 60,
                  "height" : 603
                },
                "bgcolor" : {
                  "$type" : "$color",
                  "$props" : {
                    "red" : 0,
                    "alpha" : 0,
                    "blue" : 0,
                    "green" : 0
                  }
                },
                "id" : "rv2"
              },
              "constraints" : [
                {
                  "y" : {
                    "id" : "rv3",
                    "attribute" : 1
                  },
                  "multiplier" : 1,
                  "x" : {
                    "id" : "rv2",
                    "attribute" : 2
                  },
                  "constant" : 0
                },
                {
                  "x" : {
                    "id" : "rv2",
                    "attribute" : 3
                  },
                  "multiplier" : 1,
                  "constant" : 0
                },
                {
                  "x" : {
                    "id" : "rv2",
                    "attribute" : 4
                  },
                  "multiplier" : 1,
                  "constant" : 0
                },
                {
                  "relation" : 0,
                  "multiplier" : 1,
                  "x" : {
                    "id" : "rv2",
                    "attribute" : 7
                  },
                  "constant" : 55
                }
              ],
              "type" : "view",
              "views" : [
                {
                  "type" : "view",
                  "props" : {
                    "frame" : {
                      "y" : 10,
                      "x" : 10,
                      "width" : 100,
                      "height" : 100
                    },
                    "id" : "rv2bg",
                    "alpha" : 0.19999992251396179,
                    "bgcolor" : {
                      "$type" : "$color",
                      "$props" : {
                        "red" : 76,
                        "alpha" : 1,
                        "blue" : 100,
                        "green" : 217
                      }
                    },
                    "hidden" : true
                  },
                  "constraints" : [
                    {
                      "x" : {
                        "id" : "rv2bg",
                        "attribute" : 1
                      },
                      "multiplier" : 1,
                      "constant" : 0
                    },
                    {
                      "x" : {
                        "id" : "rv2bg",
                        "attribute" : 2
                      },
                      "multiplier" : 1,
                      "constant" : 0
                    },
                    {
                      "x" : {
                        "id" : "rv2bg",
                        "attribute" : 3
                      },
                      "multiplier" : 1,
                      "constant" : 0
                    },
                    {
                      "x" : {
                        "id" : "rv2bg",
                        "attribute" : 4
                      },
                      "multiplier" : 1,
                      "constant" : 0
                    }
                  ]
                },
                {
                  "type" : "blur",
                  "props" : {
                    "effect" : {
                      "$type" : "$blur",
                      "$props" : {
                        "style" : 4
                      }
                    },
                    "frame" : {
                      "y" : 10,
                      "x" : 10,
                      "width" : 150,
                      "height" : 150
                    },
                    "style" : 2,
                    "id" : "rv2Blur",
                    "alpha" : 0.6999999523162842,
                    "hidden" : false
                  },
                  "constraints" : [
                    {
                      "x" : {
                        "id" : "rv2Blur",
                        "attribute" : 1
                      },
                      "multiplier" : 1,
                      "constant" : 0
                    },
                    {
                      "x" : {
                        "id" : "rv2Blur",
                        "attribute" : 2
                      },
                      "multiplier" : 1,
                      "constant" : 0
                    },
                    {
                      "x" : {
                        "id" : "rv2Blur",
                        "attribute" : 3
                      },
                      "multiplier" : 1,
                      "constant" : 0
                    },
                    {
                      "x" : {
                        "id" : "rv2Blur",
                        "attribute" : 4
                      },
                      "multiplier" : 1,
                      "constant" : 0
                    }
                  ]
                },
                {
                  "type" : "label",
                  "props" : {
                    "alpha" : 0.89999995231628416,
                    "frame" : {
                      "y" : 10,
                      "x" : 10,
                      "width" : 100,
                      "height" : 50
                    },
                    "id" : "rl2",
                    "autoFontSize" : true,
                    "text" : "5.6%",
                    "align" : 2,
                    "font" : {
                      "$type" : "$font",
                      "$props" : {
                        "name" : "AvenirNextCondensed-Medium",
                        "size" : 16
                      }
                    }
                  },
                  "constraints" : [
                    {
                      "x" : {
                        "id" : "rl2",
                        "attribute" : 1
                      },
                      "multiplier" : 1,
                      "constant" : 0
                    },
                    {
                      "x" : {
                        "id" : "rl2",
                        "attribute" : 2
                      },
                      "multiplier" : 1,
                      "constant" : -8
                    },
                    {
                      "x" : {
                        "id" : "rl2",
                        "attribute" : 3
                      },
                      "multiplier" : 1,
                      "constant" : 0
                    },
                    {
                      "x" : {
                        "id" : "rl2",
                        "attribute" : 4
                      },
                      "multiplier" : 1,
                      "constant" : 0
                    }
                  ]
                }
              ],
              "events" : {
                "longPressed" : {
                  "$type" : "$event",
                  "$props" : {
                    "selector" : "rv2lPressed"
                  }
                },
                "tapped" : {
                  "$type" : "$event",
                  "$props" : {
                    "selector" : "rv2Tapped"
                  }
                }
              }
            },
            {
              "props" : {
                "frame" : {
                  "y" : 10,
                  "x" : 10,
                  "width" : 100,
                  "height" : 100
                },
                "bgcolor" : {
                  "$type" : "$color",
                  "$props" : {
                    "red" : 0,
                    "alpha" : 0,
                    "blue" : 0,
                    "green" : 0
                  }
                },
                "id" : "rv3"
              },
              "constraints" : [
                {
                  "x" : {
                    "id" : "rv3",
                    "attribute" : 2
                  },
                  "multiplier" : 1,
                  "constant" : 0
                },
                {
                  "x" : {
                    "id" : "rv3",
                    "attribute" : 3
                  },
                  "multiplier" : 1,
                  "constant" : 0
                },
                {
                  "x" : {
                    "id" : "rv3",
                    "attribute" : 4
                  },
                  "multiplier" : 1,
                  "constant" : 0
                },
                {
                  "relation" : 0,
                  "multiplier" : 1,
                  "x" : {
                    "id" : "rv3",
                    "attribute" : 7
                  },
                  "constant" : 55
                }
              ],
              "type" : "view",
              "views" : [
                {
                  "type" : "view",
                  "props" : {
                    "frame" : {
                      "y" : 10,
                      "x" : 10,
                      "width" : 100,
                      "height" : 100
                    },
                    "id" : "rv3bg",
                    "bgcolor" : {
                      "$type" : "$color",
                      "$props" : {
                        "red" : 238,
                        "alpha" : 1,
                        "blue" : 241,
                        "green" : 241
                      }
                    },
                    "hidden" : true
                  },
                  "constraints" : [
                    {
                      "x" : {
                        "id" : "rv3bg",
                        "attribute" : 1
                      },
                      "multiplier" : 1,
                      "constant" : 0
                    },
                    {
                      "x" : {
                        "id" : "rv3bg",
                        "attribute" : 2
                      },
                      "multiplier" : 1,
                      "constant" : 0
                    },
                    {
                      "x" : {
                        "id" : "rv3bg",
                        "attribute" : 3
                      },
                      "multiplier" : 1,
                      "constant" : 0
                    },
                    {
                      "x" : {
                        "id" : "rv3bg",
                        "attribute" : 4
                      },
                      "multiplier" : 1,
                      "constant" : 0
                    }
                  ]
                },
                {
                  "type" : "blur",
                  "props" : {
                    "effect" : {
                      "$type" : "$blur",
                      "$props" : {
                        "style" : 4
                      }
                    },
                    "frame" : {
                      "y" : 10,
                      "x" : 10,
                      "width" : 150,
                      "height" : 150
                    },
                    "style" : 2,
                    "id" : "rv3Blur",
                    "alpha" : 0.6999999523162842,
                    "hidden" : false
                  },
                  "constraints" : [
                    {
                      "x" : {
                        "id" : "rv3Blur",
                        "attribute" : 1
                      },
                      "multiplier" : 1,
                      "constant" : 0
                    },
                    {
                      "x" : {
                        "id" : "rv3Blur",
                        "attribute" : 2
                      },
                      "multiplier" : 1,
                      "constant" : 0
                    },
                    {
                      "x" : {
                        "id" : "rv3Blur",
                        "attribute" : 3
                      },
                      "multiplier" : 1,
                      "constant" : 0
                    },
                    {
                      "x" : {
                        "id" : "rv3Blur",
                        "attribute" : 4
                      },
                      "multiplier" : 1,
                      "constant" : 0
                    }
                  ]
                },
                {
                  "type" : "label",
                  "props" : {
                    "alpha" : 0.79999997615814211,
                    "frame" : {
                      "y" : 10,
                      "x" : 10,
                      "width" : 100,
                      "height" : 50
                    },
                    "id" : "rl3",
                    "autoFontSize" : true,
                    "text" : "12.3%",
                    "align" : 2,
                    "font" : {
                      "$type" : "$font",
                      "$props" : {
                        "name" : "AvenirNextCondensed-Medium",
                        "size" : 16
                      }
                    },
                    "textColor" : {
                      "$type" : "$color",
                      "$props" : {
                        "red" : 34,
                        "alpha" : 1,
                        "blue" : 34,
                        "green" : 34
                      }
                    }
                  },
                  "constraints" : [
                    {
                      "x" : {
                        "id" : "rl3",
                        "attribute" : 1
                      },
                      "multiplier" : 1,
                      "constant" : 7.5
                    },
                    {
                      "x" : {
                        "id" : "rl3",
                        "attribute" : 2
                      },
                      "multiplier" : 1,
                      "constant" : -8
                    },
                    {
                      "x" : {
                        "id" : "rl3",
                        "attribute" : 3
                      },
                      "multiplier" : 1,
                      "constant" : 0
                    },
                    {
                      "x" : {
                        "id" : "rl3",
                        "attribute" : 4
                      },
                      "multiplier" : 1,
                      "constant" : 0
                    }
                  ]
                }
              ],
              "events" : {
                "longPressed" : {
                  "$type" : "$event",
                  "$props" : {
                    "selector" : "rv3lPressed"
                  }
                },
                "tapped" : {
                  "$type" : "$event",
                  "$props" : {
                    "selector" : "rv3Tapped"
                  }
                }
              }
            }
          ]
        },
        "opaque" : true,
        "frame" : {
          "y" : 160,
          "x" : 28,
          "width" : 375,
          "height" : 559
        },
        "reorder" : false,
        "stickyHeader" : false,
        "borderColor" : {
          "$type" : "$color",
          "$props" : {
            "red" : 0,
            "alpha" : 0,
            "blue" : 0,
            "green" : 0
          }
        },
        "separatorColor" : {
          "$type" : "$color",
          "$props" : {
            "red" : 119,
            "alpha" : 1,
            "blue" : 119,
            "green" : 119
          }
        },
        "contentOffset" : {
          "x" : 0,
          "y" : 0
        },
        "separatorHidden" : false,
        "alwaysBounceVertical" : true,
        "$footer" : {
          "props" : {
            "id" : "<T>$FOOTER",
            "bgcolor" : {
              "$type" : "$color",
              "$props" : {
                "red" : 0,
                "alpha" : 0,
                "blue" : 0,
                "green" : 0
              }
            },
            "height" : 95
          },
          "views" : [
            {
              "type" : "view",
              "props" : {
                "frame" : {
                  "y" : 10,
                  "x" : 10,
                  "width" : 100,
                  "height" : 100
                },
                "bgcolor" : {
                  "$type" : "$color",
                  "$props" : {
                    "red" : 0,
                    "alpha" : 0,
                    "blue" : 0,
                    "green" : 0
                  }
                },
                "id" : "footerView"
              },
              "constraints" : [
                {
                  "x" : {
                    "id" : "footerView",
                    "attribute" : 1
                  },
                  "multiplier" : 1,
                  "constant" : 0
                },
                {
                  "x" : {
                    "id" : "footerView",
                    "attribute" : 2
                  },
                  "multiplier" : 1,
                  "constant" : 0
                },
                {
                  "x" : {
                    "id" : "footerView",
                    "attribute" : 3
                  },
                  "multiplier" : 1,
                  "constant" : 0
                },
                {
                  "x" : {
                    "id" : "footerView",
                    "attribute" : 4
                  },
                  "multiplier" : 1,
                  "constant" : 0
                }
              ]
            }
          ]
        },
        "$header" : {
          "props" : {
            "borderColor" : {
              "$type" : "$color",
              "$props" : {
                "red" : 0,
                "alpha" : 0,
                "blue" : 0,
                "green" : 0
              }
            },
            "id" : "<T>$HEADER",
            "alpha" : 0,
            "bgcolor" : {
              "$type" : "$color",
              "$props" : {
                "red" : 0,
                "alpha" : 0,
                "blue" : 0,
                "green" : 0
              }
            },
            "height" : 22
          },
          "views" : [

          ]
        },
        "contentInset" : {
          "bottom" : 0,
          "top" : 0,
          "left" : 0,
          "right" : 0
        },
        "rowHeight" : 0,
        "bgcolor" : {
          "$type" : "$color",
          "$props" : {
            "red" : 0,
            "alpha" : 0,
            "blue" : 0,
            "green" : 0
          }
        },
        "directionalLockEnabled" : false
      },
      "constraints" : [
        {
          "x" : {
            "id" : "mainList",
            "attribute" : 1
          },
          "multiplier" : 1,
          "constant" : 0
        },
        {
          "x" : {
            "id" : "mainList",
            "attribute" : 2
          },
          "multiplier" : 1,
          "constant" : 0
        },
        {
          "x" : {
            "id" : "mainList",
            "attribute" : 3
          },
          "multiplier" : 1,
          "constant" : 0
        },
        {
          "x" : {
            "id" : "mainList",
            "attribute" : 4
          },
          "multiplier" : 1,
          "constant" : 0
        }
      ],
      "type" : "list",
      "events" : {
        "swipeEnabled" : {
          "$type" : "$event",
          "$props" : {
            "selector" : "willSwipe"
          }
        },
        "didScrollToTop" : {
          "$type" : "$event",
          "$props" : {
            "selector" : "topped"
          }
        },
        "didEndDecelerating" : {
          "$type" : "$event",
          "$props" : {
            "selector" : "scrolled"
          }
        },
        "didSelect" : {
          "$type" : "$event",
          "$props" : {
            "selector" : "tapToScroll"
          }
        },
        "didEndScrollingAnimation" : {
          "$type" : "$event",
          "$props" : {
            "selector" : "scrolled"
          }
        },
        "didEndDragging" : {
          "$type" : "$event",
          "$props" : {
            "selector" : "scrolled"
          }
        },
        "didReachBottom" : {
          "$type" : "$event",
          "$props" : {
            "selector" : "topped"
          }
        }
      }
    },
    {
      "props" : {
        "frame" : {
          "y" : 230,
          "x" : 138,
          "width" : 100,
          "height" : 100
        },
        "id" : "headerView",
        "bgcolor" : {
          "$type" : "$color",
          "$props" : {
            "red" : 0,
            "alpha" : 0,
            "blue" : 0,
            "green" : 0
          }
        },
        "hidden" : false
      },
      "constraints" : [
        {
          "x" : {
            "id" : "headerView",
            "attribute" : 1
          },
          "multiplier" : 1,
          "constant" : 0
        },
        {
          "x" : {
            "id" : "headerView",
            "attribute" : 2
          },
          "multiplier" : 1,
          "constant" : 0
        },
        {
          "x" : {
            "id" : "headerView",
            "attribute" : 3
          },
          "multiplier" : 1,
          "constant" : 0
        },
        {
          "relation" : 0,
          "multiplier" : 1,
          "x" : {
            "id" : "headerView",
            "attribute" : 8
          },
          "constant" : 22
        }
      ],
      "type" : "view",
      "views" : [
        {
          "type" : "blur",
          "props" : {
            "effect" : {
              "$type" : "$blur",
              "$props" : {
                "style" : 4
              }
            },
            "frame" : {
              "y" : -64,
              "x" : 113,
              "width" : 150,
              "height" : 150
            },
            "style" : 2,
            "id" : "rv2Blur",
            "alpha" : 0.79999992847442625,
            "hidden" : false
          },
          "constraints" : [
            {
              "x" : {
                "id" : "rv2Blur",
                "attribute" : 1
              },
              "multiplier" : 1,
              "constant" : 0
            },
            {
              "x" : {
                "id" : "rv2Blur",
                "attribute" : 2
              },
              "multiplier" : 1,
              "constant" : 0
            },
            {
              "x" : {
                "id" : "rv2Blur",
                "attribute" : 3
              },
              "multiplier" : 1,
              "constant" : 0
            },
            {
              "x" : {
                "id" : "rv2Blur",
                "attribute" : 4
              },
              "multiplier" : 1,
              "constant" : 0
            }
          ]
        },
        {
          "props" : {
            "frame" : {
              "y" : -39,
              "x" : 138,
              "width" : 100,
              "height" : 100
            },
            "bgcolor" : {
              "$type" : "$color",
              "$props" : {
                "red" : 0,
                "alpha" : 0,
                "blue" : 0,
                "green" : 0
              }
            },
            "id" : "rhView"
          },
          "constraints" : [
            {
              "x" : {
                "id" : "rhView",
                "attribute" : 1
              },
              "multiplier" : 1,
              "constant" : 0
            },
            {
              "x" : {
                "id" : "rhView",
                "attribute" : 3
              },
              "multiplier" : 1,
              "constant" : 0
            },
            {
              "x" : {
                "id" : "rhView",
                "attribute" : 4
              },
              "multiplier" : 1,
              "constant" : 0
            },
            {
              "relation" : 0,
              "multiplier" : 1,
              "x" : {
                "id" : "rhView",
                "attribute" : 7
              },
              "constant" : 44
            }
          ],
          "type" : "view",
          "views" : [
            {
              "type" : "blur",
              "props" : {
                "effect" : {
                  "$type" : "$blur",
                  "$props" : {
                    "style" : 1
                  }
                },
                "frame" : {
                  "y" : -64,
                  "x" : -53,
                  "width" : 150,
                  "height" : 150
                },
                "style" : 2,
                "id" : "rhBlur"
              },
              "constraints" : [
                {
                  "x" : {
                    "id" : "rhBlur",
                    "attribute" : 1
                  },
                  "multiplier" : 1,
                  "constant" : 0
                },
                {
                  "x" : {
                    "id" : "rhBlur",
                    "attribute" : 2
                  },
                  "multiplier" : 1,
                  "constant" : 0
                },
                {
                  "x" : {
                    "id" : "rhBlur",
                    "attribute" : 3
                  },
                  "multiplier" : 1,
                  "constant" : 0
                },
                {
                  "x" : {
                    "id" : "rhBlur",
                    "attribute" : 4
                  },
                  "multiplier" : 1,
                  "constant" : 0
                }
              ]
            },
            {
              "type" : "label",
              "props" : {
                "align" : 1,
                "frame" : {
                  "y" : -14,
                  "x" : -28,
                  "width" : 100,
                  "height" : 50
                },
                "id" : "rhLabel",
                "font" : {
                  "$type" : "$font",
                  "$props" : {
                    "name" : "Lato-Regular",
                    "size" : 14
                  }
                },
                "text" : "排名"
              },
              "constraints" : [
                {
                  "x" : {
                    "id" : "rhLabel",
                    "attribute" : 1
                  },
                  "multiplier" : 1,
                  "constant" : 0
                },
                {
                  "x" : {
                    "id" : "rhLabel",
                    "attribute" : 2
                  },
                  "multiplier" : 1,
                  "constant" : 0
                },
                {
                  "x" : {
                    "id" : "rhLabel",
                    "attribute" : 3
                  },
                  "multiplier" : 1,
                  "constant" : 0
                },
                {
                  "x" : {
                    "id" : "rhLabel",
                    "attribute" : 4
                  },
                  "multiplier" : 1,
                  "constant" : 0
                }
              ]
            }
          ]
        },
        {
          "props" : {
            "frame" : {
              "y" : -39,
              "x" : 138,
              "width" : 100,
              "height" : 100
            },
            "bgcolor" : {
              "$type" : "$color",
              "$props" : {
                "red" : 0,
                "alpha" : 0,
                "blue" : 0,
                "green" : 0
              }
            },
            "id" : "thView"
          },
          "constraints" : [
            {
              "y" : {
                "id" : "rhView",
                "attribute" : 2
              },
              "multiplier" : 1,
              "x" : {
                "id" : "thView",
                "attribute" : 1
              },
              "constant" : 0
            },
            {
              "y" : {
                "id" : "rhv1",
                "attribute" : 1
              },
              "multiplier" : 1,
              "x" : {
                "id" : "thView",
                "attribute" : 2
              },
              "constant" : 0
            },
            {
              "x" : {
                "id" : "thView",
                "attribute" : 3
              },
              "multiplier" : 1,
              "constant" : 0
            },
            {
              "x" : {
                "id" : "thView",
                "attribute" : 4
              },
              "multiplier" : 1,
              "constant" : 0
            }
          ],
          "type" : "view",
          "views" : [
            {
              "type" : "view",
              "props" : {
                "frame" : {
                  "y" : -39,
                  "x" : 19,
                  "width" : 100,
                  "height" : 100
                },
                "id" : "thvbg",
                "alpha" : 0.60000004768371584,
                "bgcolor" : {
                  "$type" : "$color",
                  "$props" : {
                    "red" : 255,
                    "alpha" : 1,
                    "blue" : 48,
                    "green" : 59
                  }
                },
                "hidden" : true
              },
              "constraints" : [
                {
                  "x" : {
                    "id" : "thvbg",
                    "attribute" : 1
                  },
                  "multiplier" : 1,
                  "constant" : 0
                },
                {
                  "x" : {
                    "id" : "thvbg",
                    "attribute" : 2
                  },
                  "multiplier" : 1,
                  "constant" : 0
                },
                {
                  "x" : {
                    "id" : "thvbg",
                    "attribute" : 3
                  },
                  "multiplier" : 1,
                  "constant" : 0
                },
                {
                  "x" : {
                    "id" : "thvbg",
                    "attribute" : 4
                  },
                  "multiplier" : 1,
                  "constant" : 0
                }
              ]
            },
            {
              "type" : "blur",
              "props" : {
                "effect" : {
                  "$type" : "$blur",
                  "$props" : {
                    "style" : 1
                  }
                },
                "frame" : {
                  "y" : -64,
                  "x" : -6,
                  "width" : 150,
                  "height" : 150
                },
                "style" : 2,
                "id" : "thBlur"
              },
              "constraints" : [
                {
                  "x" : {
                    "id" : "thBlur",
                    "attribute" : 1
                  },
                  "multiplier" : 1,
                  "constant" : 0
                },
                {
                  "x" : {
                    "id" : "thBlur",
                    "attribute" : 2
                  },
                  "multiplier" : 1,
                  "constant" : 0
                },
                {
                  "x" : {
                    "id" : "thBlur",
                    "attribute" : 3
                  },
                  "multiplier" : 1,
                  "constant" : 0
                },
                {
                  "x" : {
                    "id" : "thBlur",
                    "attribute" : 4
                  },
                  "multiplier" : 1,
                  "constant" : 0
                }
              ]
            },
            {
              "type" : "label",
              "props" : {
                "textColor" : {
                  "$type" : "$color",
                  "$props" : {
                    "red" : 51,
                    "alpha" : 1,
                    "blue" : 51,
                    "green" : 51
                  }
                },
                "align" : 1,
                "frame" : {
                  "y" : -14,
                  "x" : 19,
                  "width" : 100,
                  "height" : 50
                },
                "id" : "thLabel",
                "font" : {
                  "$type" : "$font",
                  "$props" : {
                    "name" : "Lato-Bold",
                    "size" : 12
                  }
                },
                "text" : "更新于 00:00:00"
              },
              "constraints" : [
                {
                  "x" : {
                    "id" : "thLabel",
                    "attribute" : 1
                  },
                  "multiplier" : 1,
                  "constant" : 0
                },
                {
                  "x" : {
                    "id" : "thLabel",
                    "attribute" : 2
                  },
                  "multiplier" : 1,
                  "constant" : 0
                },
                {
                  "x" : {
                    "id" : "thLabel",
                    "attribute" : 3
                  },
                  "multiplier" : 1,
                  "constant" : 0
                },
                {
                  "x" : {
                    "id" : "thLabel",
                    "attribute" : 4
                  },
                  "multiplier" : 1,
                  "constant" : 0
                }
              ]
            }
          ]
        },
        {
          "props" : {
            "frame" : {
              "y" : -39,
              "x" : 138,
              "width" : 100,
              "height" : 100
            },
            "bgcolor" : {
              "$type" : "$color",
              "$props" : {
                "red" : 0,
                "alpha" : 0,
                "blue" : 0,
                "green" : 0
              }
            },
            "id" : "rhv1"
          },
          "constraints" : [
            {
              "y" : {
                "id" : "rhv2",
                "attribute" : 1
              },
              "multiplier" : 1,
              "x" : {
                "id" : "rhv1",
                "attribute" : 2
              },
              "constant" : 0
            },
            {
              "x" : {
                "id" : "rhv1",
                "attribute" : 3
              },
              "multiplier" : 1,
              "constant" : 0
            },
            {
              "x" : {
                "id" : "rhv1",
                "attribute" : 4
              },
              "multiplier" : 1,
              "constant" : 0
            },
            {
              "relation" : 0,
              "multiplier" : 1,
              "x" : {
                "id" : "rhv1",
                "attribute" : 7
              },
              "constant" : 83.5
            }
          ],
          "type" : "view",
          "views" : [
            {
              "type" : "blur",
              "props" : {
                "effect" : {
                  "$type" : "$blur",
                  "$props" : {
                    "style" : 1
                  }
                },
                "frame" : {
                  "y" : -64,
                  "x" : -33,
                  "width" : 150,
                  "height" : 150
                },
                "style" : 2,
                "id" : "rhv1Blur"
              },
              "constraints" : [
                {
                  "x" : {
                    "id" : "rhv1Blur",
                    "attribute" : 1
                  },
                  "multiplier" : 1,
                  "constant" : 0
                },
                {
                  "x" : {
                    "id" : "rhv1Blur",
                    "attribute" : 2
                  },
                  "multiplier" : 1,
                  "constant" : 0
                },
                {
                  "x" : {
                    "id" : "rhv1Blur",
                    "attribute" : 3
                  },
                  "multiplier" : 1,
                  "constant" : 0
                },
                {
                  "x" : {
                    "id" : "rhv1Blur",
                    "attribute" : 4
                  },
                  "multiplier" : 1,
                  "constant" : 0
                }
              ]
            },
            {
              "type" : "label",
              "props" : {
                "align" : 1,
                "frame" : {
                  "y" : -14,
                  "x" : -8,
                  "width" : 100,
                  "height" : 50
                },
                "id" : "rhl1",
                "font" : {
                  "$type" : "$font",
                  "$props" : {
                    "name" : "Lato-Regular",
                    "size" : 13
                  }
                },
                "text" : "当日票房\/万"
              },
              "constraints" : [
                {
                  "x" : {
                    "id" : "rhl1",
                    "attribute" : 1
                  },
                  "multiplier" : 1,
                  "constant" : 0
                },
                {
                  "x" : {
                    "id" : "rhl1",
                    "attribute" : 2
                  },
                  "multiplier" : 1,
                  "constant" : 0
                },
                {
                  "x" : {
                    "id" : "rhl1",
                    "attribute" : 3
                  },
                  "multiplier" : 1,
                  "constant" : 0
                },
                {
                  "x" : {
                    "id" : "rhl1",
                    "attribute" : 4
                  },
                  "multiplier" : 1,
                  "constant" : 0
                }
              ]
            }
          ]
        },
        {
          "props" : {
            "frame" : {
              "y" : -39,
              "x" : 138,
              "width" : 100,
              "height" : 100
            },
            "id" : "rhv2",
            "alpha" : 0.99999997615814207,
            "bgcolor" : {
              "$type" : "$color",
              "$props" : {
                "red" : 0,
                "alpha" : 0,
                "blue" : 0,
                "green" : 0
              }
            },
            "borderWidth" : 0,
            "opaque" : true
          },
          "constraints" : [
            {
              "y" : {
                "id" : "rhv3",
                "attribute" : 1
              },
              "multiplier" : 1,
              "x" : {
                "id" : "rhv2",
                "attribute" : 2
              },
              "constant" : 0
            },
            {
              "x" : {
                "id" : "rhv2",
                "attribute" : 3
              },
              "multiplier" : 1,
              "constant" : 0
            },
            {
              "x" : {
                "id" : "rhv2",
                "attribute" : 4
              },
              "multiplier" : 1,
              "constant" : 0
            },
            {
              "relation" : 0,
              "multiplier" : 1,
              "x" : {
                "id" : "rhv2",
                "attribute" : 7
              },
              "constant" : 55
            }
          ],
          "type" : "view",
          "views" : [
            {
              "type" : "blur",
              "props" : {
                "effect" : {
                  "$type" : "$blur",
                  "$props" : {
                    "style" : 1
                  }
                },
                "frame" : {
                  "y" : -64,
                  "x" : -47,
                  "width" : 150,
                  "height" : 150
                },
                "style" : 2,
                "id" : "rhv2Blur"
              },
              "constraints" : [
                {
                  "x" : {
                    "id" : "rhv2Blur",
                    "attribute" : 1
                  },
                  "multiplier" : 1,
                  "constant" : 0
                },
                {
                  "x" : {
                    "id" : "rhv2Blur",
                    "attribute" : 2
                  },
                  "multiplier" : 1,
                  "constant" : 0
                },
                {
                  "x" : {
                    "id" : "rhv2Blur",
                    "attribute" : 3
                  },
                  "multiplier" : 1,
                  "constant" : 0
                },
                {
                  "x" : {
                    "id" : "rhv2Blur",
                    "attribute" : 4
                  },
                  "multiplier" : 1,
                  "constant" : 0
                }
              ]
            },
            {
              "type" : "label",
              "props" : {
                "align" : 1,
                "frame" : {
                  "y" : -14,
                  "x" : -22,
                  "width" : 100,
                  "height" : 50
                },
                "id" : "rhl2",
                "font" : {
                  "$type" : "$font",
                  "$props" : {
                    "name" : "Lato-Regular",
                    "size" : 11
                  }
                },
                "text" : "票房占比"
              },
              "constraints" : [
                {
                  "x" : {
                    "id" : "rhl2",
                    "attribute" : 1
                  },
                  "multiplier" : 1,
                  "constant" : 0
                },
                {
                  "x" : {
                    "id" : "rhl2",
                    "attribute" : 2
                  },
                  "multiplier" : 1,
                  "constant" : 0
                },
                {
                  "x" : {
                    "id" : "rhl2",
                    "attribute" : 3
                  },
                  "multiplier" : 1,
                  "constant" : 0
                },
                {
                  "x" : {
                    "id" : "rhl2",
                    "attribute" : 4
                  },
                  "multiplier" : 1,
                  "constant" : 0
                }
              ]
            }
          ]
        },
        {
          "props" : {
            "frame" : {
              "y" : -39,
              "x" : 138,
              "width" : 100,
              "height" : 100
            },
            "bgcolor" : {
              "$type" : "$color",
              "$props" : {
                "red" : 0,
                "alpha" : 0,
                "blue" : 0,
                "green" : 0
              }
            },
            "id" : "rhv3"
          },
          "constraints" : [
            {
              "x" : {
                "id" : "rhv3",
                "attribute" : 2
              },
              "multiplier" : 1,
              "constant" : 0
            },
            {
              "x" : {
                "id" : "rhv3",
                "attribute" : 3
              },
              "multiplier" : 1,
              "constant" : 0
            },
            {
              "x" : {
                "id" : "rhv3",
                "attribute" : 4
              },
              "multiplier" : 1,
              "constant" : 0
            },
            {
              "relation" : 0,
              "multiplier" : 1,
              "x" : {
                "id" : "rhv3",
                "attribute" : 7
              },
              "constant" : 55
            }
          ],
          "type" : "view",
          "views" : [
            {
              "type" : "blur",
              "props" : {
                "effect" : {
                  "$type" : "$blur",
                  "$props" : {
                    "style" : 1
                  }
                },
                "frame" : {
                  "y" : -64,
                  "x" : -47,
                  "width" : 150,
                  "height" : 150
                },
                "style" : 2,
                "id" : "rhv3Blur"
              },
              "constraints" : [
                {
                  "x" : {
                    "id" : "rhv3Blur",
                    "attribute" : 1
                  },
                  "multiplier" : 1,
                  "constant" : 0
                },
                {
                  "x" : {
                    "id" : "rhv3Blur",
                    "attribute" : 2
                  },
                  "multiplier" : 1,
                  "constant" : 0
                },
                {
                  "x" : {
                    "id" : "rhv3Blur",
                    "attribute" : 3
                  },
                  "multiplier" : 1,
                  "constant" : 0
                },
                {
                  "x" : {
                    "id" : "rhv3Blur",
                    "attribute" : 4
                  },
                  "multiplier" : 1,
                  "constant" : 0
                }
              ]
            },
            {
              "type" : "label",
              "props" : {
                "align" : 1,
                "frame" : {
                  "y" : -14,
                  "x" : -22,
                  "width" : 100,
                  "height" : 50
                },
                "id" : "rhl3",
                "font" : {
                  "$type" : "$font",
                  "$props" : {
                    "name" : "Lato-Regular",
                    "size" : 11
                  }
                },
                "text" : "排片占比"
              },
              "constraints" : [
                {
                  "x" : {
                    "id" : "rhl3",
                    "attribute" : 1
                  },
                  "multiplier" : 1,
                  "constant" : 0
                },
                {
                  "x" : {
                    "id" : "rhl3",
                    "attribute" : 2
                  },
                  "multiplier" : 1,
                  "constant" : 0
                },
                {
                  "x" : {
                    "id" : "rhl3",
                    "attribute" : 3
                  },
                  "multiplier" : 1,
                  "constant" : 0
                },
                {
                  "x" : {
                    "id" : "rhl3",
                    "attribute" : 4
                  },
                  "multiplier" : 1,
                  "constant" : 0
                }
              ]
            }
          ]
        }
      ],
      "events" : {
        "tapped" : {
          "$type" : "$event",
          "$props" : {
            "selector" : "backToTop"
          }
        }
      }
    },
    {
      "type" : "label",
      "props" : {
        "text" : "正在加载……",
        "align" : 1,
        "frame" : {
          "y" : 255,
          "x" : 138,
          "width" : 100,
          "height" : 50
        },
        "id" : "loadingLabel",
        "hidden" : true
      },
      "constraints" : [
        {
          "x" : {
            "id" : "loadingLabel",
            "attribute" : 1
          },
          "multiplier" : 1,
          "constant" : 0
        },
        {
          "x" : {
            "id" : "loadingLabel",
            "attribute" : 2
          },
          "multiplier" : 1,
          "constant" : 0
        },
        {
          "x" : {
            "id" : "loadingLabel",
            "attribute" : 3
          },
          "multiplier" : 1,
          "constant" : 0
        },
        {
          "x" : {
            "id" : "loadingLabel",
            "attribute" : 4
          },
          "multiplier" : 1,
          "constant" : 0
        }
      ]
    },
    {
      "props" : {
        "radius" : 28,
        "hidden" : true,
        "clipsToBounds" : false,
        "frame" : {
          "y" : 230,
          "x" : 138,
          "width" : 100,
          "height" : 100
        },
        "id" : "sbView",
        "bgcolor" : {
          "$type" : "$color",
          "$props" : {
            "red" : 0,
            "alpha" : 0,
            "blue" : 9223372036854775807,
            "green" : 0
          }
        },
        "borderWidth" : 0,
        "borderColor" : {
          "$type" : "$color",
          "$props" : {
            "red" : 238,
            "alpha" : 1,
            "blue" : 238,
            "green" : 238
          }
        }
      },
      "constraints" : [
        {
          "relation" : 0,
          "multiplier" : 1,
          "x" : {
            "id" : "sbView",
            "attribute" : 7
          },
          "constant" : 56
        },
        {
          "relation" : 0,
          "multiplier" : 1,
          "x" : {
            "id" : "sbView",
            "attribute" : 8
          },
          "constant" : 56
        },
        {
          "y" : {
            "id" : "main",
            "attribute" : 1
          },
          "relation" : 0,
          "multiplier" : 1,
          "x" : {
            "id" : "sbView",
            "attribute" : 1
          },
          "constant" : 28
        },
        {
          "y" : {
            "id" : "main",
            "attribute" : 4
          },
          "relation" : 0,
          "multiplier" : 1,
          "x" : {
            "id" : "sbView",
            "attribute" : 4
          },
          "constant" : -28
        }
      ],
      "type" : "view",
      "views" : [
        {
          "type" : "view",
          "props" : {
            "frame" : {
              "y" : -25,
              "x" : -25,
              "width" : 100,
              "height" : 100
            },
            "id" : "footerView",
            "alpha" : 0.29999997019767766,
            "bgcolor" : {
              "$type" : "$color",
              "$props" : {
                "red" : 0,
                "alpha" : 1,
                "blue" : 0,
                "green" : 0
              }
            },
            "hidden" : false
          },
          "constraints" : [
            {
              "x" : {
                "id" : "footerView",
                "attribute" : 1
              },
              "multiplier" : 1,
              "constant" : 0
            },
            {
              "x" : {
                "id" : "footerView",
                "attribute" : 2
              },
              "multiplier" : 1,
              "constant" : 0
            },
            {
              "x" : {
                "id" : "footerView",
                "attribute" : 3
              },
              "multiplier" : 1,
              "constant" : 0
            },
            {
              "x" : {
                "id" : "footerView",
                "attribute" : 4
              },
              "multiplier" : 1,
              "constant" : 0
            }
          ]
        },
        {
          "type" : "blur",
          "props" : {
            "effect" : {
              "$type" : "$blur",
              "$props" : {
                "style" : 4
              }
            },
            "frame" : {
              "y" : -50,
              "x" : -50,
              "width" : 150,
              "height" : 150
            },
            "style" : 2,
            "id" : "sbBlur",
            "alpha" : 0.99999997615814207
          },
          "constraints" : [
            {
              "x" : {
                "id" : "sbBlur",
                "attribute" : 1
              },
              "multiplier" : 1,
              "constant" : 0
            },
            {
              "x" : {
                "id" : "sbBlur",
                "attribute" : 2
              },
              "multiplier" : 1,
              "constant" : 0
            },
            {
              "x" : {
                "id" : "sbBlur",
                "attribute" : 3
              },
              "multiplier" : 1,
              "constant" : 0
            },
            {
              "x" : {
                "id" : "sbBlur",
                "attribute" : 4
              },
              "multiplier" : 1,
              "constant" : 0
            }
          ]
        },
        {
          "props" : {
            "frame" : {
              "y" : 7,
              "x" : -25,
              "width" : 100,
              "height" : 36
            },
            "title" : "",
            "id" : "settingButton",
            "icon" : {
              "$type" : "$icon",
              "$props" : {
                "name" : "icon_002.png",
                "color" : {
                  "$type" : "$color",
                  "$props" : {
                    "red" : 255,
                    "alpha" : 1,
                    "blue" : 255,
                    "green" : 255
                  }
                },
                "size" : {
                  "width" : 24,
                  "height" : 24
                }
              }
            },
            "bgcolor" : {
              "$type" : "$color",
              "$props" : {
                "red" : 0,
                "alpha" : 0,
                "blue" : 9223372036854775807,
                "green" : 0
              }
            }
          },
          "constraints" : [
            {
              "x" : {
                "id" : "settingButton",
                "attribute" : 1
              },
              "multiplier" : 1,
              "constant" : 0
            },
            {
              "x" : {
                "id" : "settingButton",
                "attribute" : 2
              },
              "multiplier" : 1,
              "constant" : 0
            },
            {
              "x" : {
                "id" : "settingButton",
                "attribute" : 3
              },
              "multiplier" : 1,
              "constant" : 0
            },
            {
              "x" : {
                "id" : "settingButton",
                "attribute" : 4
              },
              "multiplier" : 1,
              "constant" : 0
            }
          ],
          "type" : "button",
          "events" : {
            "longPressed" : {
              "$type" : "$event",
              "$props" : {
                "selector" : "sblPressed"
              }
            },
            "tapped" : {
              "$type" : "$event",
              "$props" : {
                "selector" : "sbTapped"
              }
            }
          }
        }
      ]
    }
  ]
}