{
  "props" : {
    "id" : "web.ux",
    "title" : "详情",
    "keys" : [

    ],
    "navBarHidden" : false
  },
  "views" : [
    {
      "type" : "web",
      "props" : {
        "pictureInPicture" : true,
        "showsProgress" : true,
        "toolbar" : true,
        "frame" : {
          "y" : 120,
          "x" : 28,
          "width" : 320,
          "height" : 320
        },
        "id" : "web[0]",
        "airPlay" : true,
        "url" : "https:\/\/piaofang.maoyan.com\/movie\/247295"
      },
      "constraints" : [
        {
          "x" : {
            "id" : "web[0]",
            "attribute" : 1
          },
          "multiplier" : 1,
          "constant" : 0
        },
        {
          "x" : {
            "id" : "web[0]",
            "attribute" : 2
          },
          "multiplier" : 1,
          "constant" : 0
        },
        {
          "x" : {
            "id" : "web[0]",
            "attribute" : 3
          },
          "multiplier" : 1,
          "constant" : 0
        },
        {
          "x" : {
            "id" : "web[0]",
            "attribute" : 4
          },
          "multiplier" : 1,
          "constant" : 0
        }
      ]
    }
  ]
}