{
  "props" : {
    "id" : "updateInfo.ux",
    "title" : "更新说明"
  },
  "views" : [
    {
      "props" : {
        "content" : "**正在加载更新说明……**",
        "frame" : {
          "y" : 120,
          "x" : 28,
          "width" : 320,
          "height" : 320
        },
        "id" : "fullUpdateInfo"
      },
      "constraints" : [
        {
          "x" : {
            "id" : "fullUpdateInfo",
            "attribute" : 1
          },
          "multiplier" : 1,
          "constant" : 0
        },
        {
          "x" : {
            "id" : "fullUpdateInfo",
            "attribute" : 2
          },
          "multiplier" : 1,
          "constant" : 0
        },
        {
          "x" : {
            "id" : "fullUpdateInfo",
            "attribute" : 3
          },
          "multiplier" : 1,
          "constant" : 0
        },
        {
          "x" : {
            "id" : "fullUpdateInfo",
            "attribute" : 4
          },
          "multiplier" : 1,
          "constant" : 0
        }
      ],
      "type" : "markdown",
      "events" : {
        "ready" : {
          "$type" : "$event",
          "$props" : {
            "selector" : "loadUpdateInfo"
          }
        }
      }
    }
  ]
}